0,sum,proportion
,0,0.0
F,644,7.003044802087864
M,8552,92.99695519791213
