0,sum,proportion
,0,0.0
2017,383,3.4266797888521072
2014,1494,13.36673525990874
2016,2245,20.085890668336763
2015,1756,15.710834749932898
2011,1365,12.21257940413349
2012,1363,12.194685514896662
2013,1378,12.328889684172854
2010,1189,10.637917151292834
2009,3,0.026840833855238434
2008,1,0.008946944618412812
