0,sum,proportion
,0,0.0
White,3199,34.9388379204893
Black,5759,62.89864569681084
Hispanic,153,1.6710353866317167
Asian,32,0.34949759720401924
Middle_Eastern,6,0.0655307994757536
Indian/Burmese_Indian,2,0.021843599825251202
Native_American,5,0.054608999563128
