0,sum,proportion
KY,11176,99.97316396815458
,0,0.0
IN,3,0.026836031845424456
