0,sum,proportion
,0,0.0
Pistol,8112,83.8189708617483
Rifle,836,8.638148377764
Shotgun,699,7.22256664600124
Submachine_Gun,18,0.18598884066955984
Rifle-Shotgun_Combination,2,0.020665426741062205
Airgun,6,0.06199628022318661
Machine_Gun,3,0.030998140111593304
Electronic_Control_Weapon,2,0.020665426741062205
